event ID,Cluster
50880093,5
50880093,5
50880094,0
51094492,4
51094494,4
51094496,4
51092594,2
50880093,5
50880093,5
50880093,5
50880094,0
51094300,4
51092527,4
51094301,2
51094301,2
51097384,2
50824698,5
50824700,0
1,1
51122125,4
51094301,2
1,1
50824700,0
50906114,5
1,1
1,1
50049879,3
51097405,4
51097405,4
51097408,4
51094304,2
51094472,6
51096083,4
51096085,2
50025858,3
51094306,2
51097423,2
51097426,2
50049904,3
1,1
1,1
50049904,3
1,1
1,1
1,1
1,1
50906118,5
50824721,0
51094308,4
50788542,5
50824721,0
51001406,2
1,1
1,1
50025868,3
51094310,4
51094310,4
51094311,4
1,1
51094312,2
1,1
1,1
51096105,2
51094312,2
1,1
51094312,2
51096105,2
51094312,2
51096105,2
51096107,2
51094312,2
51096107,2
51096107,2
51096017,6
51094312,2
51096107,2
51094312,2
51096109,2
51094312,2
51096109,2
51094312,2
51096017,6
51097438,4
51092600,4
51094312,2
51097438,4
51092880,6
51094312,2
51094312,2
51094313,6
51094443,2
1,1
1,1
50824696,0
50824696,0
51094443,2
1,1
51094300,4
51092527,4
51094301,2
51094301,2
51097384,2
50824698,5
50824700,0
1,1
51122125,4
51094301,2
1,1
50824700,0
1,1
1,1
50049879,3
51097405,4
51097405,4
51097408,4
51094304,2
51094472,6
51096083,4
51096085,2
50025858,3
50025868,3
51094310,4
51094310,4
51094311,4
1,1
51094312,2
1,1
1,1
51096105,2
51094312,2
1,1
51094312,2
51096105,2
51094312,2
51096105,2
51096107,2
51094312,2
51096107,2
51096107,2
51096017,6
51094312,2
51096107,2
51094312,2
51096109,2
51094312,2
51096109,2
51094312,2
51096017,6
51097438,4
51092600,4
51094312,2
51097438,4
51092880,6
51094312,2
51094312,2
51094313,6
1,1
1,1
50049879,3
51097405,4
51097405,4
51097408,4
51094304,2
51094472,6
51096083,4
51096085,2
50025858,3
51094310,4
50025868,3
51094310,4
51094310,4
51094311,4
50025878,3
1,1
1,1
1,1
1,1
51097435,2
1,1
1,1
51110021,4
1,1
51110021,4
51110023,4
1,1
51092814,4
50022215,3
1,1
1,1
51097405,4
50025850,3
50025852,3
51096013,4
51121602,6
1,1
51094472,6
51097405,4
51094472,6
51094472,6
51096083,4
50025858,3
51096089,2
51096089,2
51096089,2
50025868,3
50025868,3
50025868,3
50025868,3
51123195,2
50025868,3
51094488,2
51123195,2
50025868,3
51094488,2
51094490,4
50025872,3
51094490,4
50025872,3
51096099,2
51121617,2
51094490,4
50025874,3
51094490,4
50025874,3
51096101,6
51096101,6
51092872,4
51096101,6
1,1
50025878,3
51094492,4
51096101,6
51096103,4
1,1
50025878,3
51094496,4
51094496,4
51094496,4
50025878,3
51094496,4
50025878,3
51096017,6
51094498,6
51094498,6
51096017,6
51094498,6
51096017,6
51092880,6
1,1
49878626,3
51121812,6
50049938,3
1,1
49967690,3
1,1
50200838,3
51094500,2
51096109,2
51096017,6
51092606,4
51094312,2
51096109,2
51092543,4
51094443,2
51094443,2
51094448,6
51094453,2
51094462,6
51092558,2
51092564,4
51092564,4
51092569,4
51092573,6
51092579,6
51092579,6
50760945,0
50750127,0
51096089,2
51092579,6
51096089,2
51092579,6
51092579,6
51096091,6
51094484,2
51092579,6
51096091,6
51092579,6
51092579,6
51123195,2
51096095,2
51123195,2
51094488,2
51123195,2
51092585,2
51092585,2
51092590,4
51092594,2
51092594,2
51092600,4
1,1
51092543,4
51094443,2
51094443,2
51094448,6
51094453,2
51094462,6
51092558,2
51092564,4
51092564,4
51092569,4
51092573,6
51092579,6
51092579,6
50760945,0
50750127,0
51096089,2
51092579,6
51096089,2
51092579,6
51092579,6
51096091,6
51094484,2
51092579,6
51096091,6
51092579,6
51092579,6
51123195,2
51096095,2
51123195,2
51094488,2
51123195,2
51092585,2
51092585,2
51092590,4
51092594,2
51092594,2
51092600,4
1,1
51094443,2
51094443,2
51094472,6
51094472,6
51092839,6
51092848,6
51092848,6
51092848,6
51096089,2
51096091,6
1,1
1,1
51123195,2
51092857,4
51092857,4
51096097,2
51096099,2
51096099,2
51096101,6
51096101,6
51096103,4
50025878,3
51096017,6
1,1
51096017,6
51096017,6
1,1
51096109,2
1,1
51096109,2
51096017,6
51096109,2
51096109,2
51094443,2
51094443,2
51094443,2
51094448,6
51094472,6
51094472,6
51092839,6
51092848,6
51094488,2
51123195,2
51096097,2
51096099,2
51096099,2
51096099,2
51096101,6
51096101,6
51096103,4
51097438,4
51092880,6
51092880,6
51092880,6
51092527,4
51092531,2
51097384,2
51094301,2
51092537,4
51092543,4
51092788,4
50750118,0
50750119,0
50761016,0
50750119,0
50725506,0
51094443,2
51001399,4
51122126,6
51122127,4
51123195,2
51094488,2
51123195,2
51092585,2
51092585,2
51121803,6
51121803,6
51121804,6
51121620,4
51117626,6
51117627,6
50801215,0
50801215,0
50200836,3
51121625,2
51121626,2
51110080,4
51110082,4
51110085,4
50022235,3
51121628,2
51110085,4
50874520,5
1,1
50693313,0
50693315,0
50693315,0
50693315,0
51122130,4
51092831,4
51092839,6
51094476,4
1,1
50651193,0
50651194,0
51096089,2
50651194,0
51096089,2
50651194,0
51096089,2
1,1
51096089,2
50651194,0
51094480,4
51096089,2
51001404,4
50906115,5
50651194,0
51096089,2
51092848,6
50651194,0
51096089,2
51001405,2
51096089,2
1,1
50750127,0
50651194,0
51096089,2
50651194,0
51096089,2
50651194,0
51096091,6
50651194,0
51096091,6
51117624,6
51096091,6
51117624,6
51096091,6
51096091,6
51117624,6
51096091,6
51117624,6
1,1
51096091,6
51117624,6
51096091,6
51094484,2
51096091,6
51117624,6
51096091,6
51117624,6
1,1
51096091,6
51117624,6
51096091,6
51117624,6
51096091,6
51117624,6
51096091,6
51117624,6
51096091,6
51117624,6
50880088,0
51123195,2
1,1
50906118,5
51123195,2
50725513,0
51123195,2
51117624,6
50880089,0
51123195,2
51123195,2
51117624,6
51123195,2
51121615,2
51123195,2
50937542,5
1,1
50906120,5
50966770,5
1,1
49878624,3
50801215,0
51097438,4
51097438,4
51092880,6
51097438,4
51097441,4
51092880,6
51092880,6
51092889,4
51092606,4
51097444,4
51092889,4
51092889,4
51092612,4
50801215,0
50651200,0
50801215,0
1,1
50651200,0
50651201,0
50200839,3
1,1
50880095,5
50937543,5
51122143,2
51122143,2
1,1
51122144,2
1,1
51094313,6
51121630,2
50966772,2
51092889,4
50200840,3
49966932,3
51092889,4
51092889,4
50966774,2
51121815,6
51097447,2
51092889,4
51097447,2
51092889,4
50200841,3
51092889,4
51096113,4
51092889,4
50200841,3
49878634,3
50966777,5
1,1
49878594,3
50966755,5
1,1
1,1
1,1
51092839,6
1,1
50651193,0
50651194,0
1,1
50651194,0
1,1
50636122,0
50651194,0
50651194,0
1,1
50651194,0
51117624,6
51117624,6
51117624,6
50651195,0
51117624,6
51117625,6
50651196,0
50874498,5
51121604,2
50022218,3
51121604,2
51121605,2
51121605,2
51121606,2
50022219,3
50022220,3
50022220,3
50022221,3
1,1
51096091,6
50025868,3
51092579,6
50025868,3
50025868,3
51096091,6
1,1
51094484,2
51096091,6
51117624,6
51096091,6
51123195,2
51123195,2
51123195,2
51094488,2
51123195,2
51092585,2
51092585,2
51121803,6
51121803,6
51121804,6
51121620,4
51117626,6
51117627,6
50801215,0
50801215,0
51121628,2
50874520,5
50874521,5
51121628,2
51121629,2
50874521,5
50874522,0
51121629,2
50874522,0
51110089,2
50022217,3
51110029,4
51110032,4
50880931,5
51094476,4
51094305,4
50906115,5
51001404,4
51001404,4
50025860,3
51097414,4
51094306,2
50824714,5
51001404,4
51001405,2
51092579,6
51092579,6
51092857,4
50824715,5
49878606,3
50824715,5
51001405,2
51001405,2
51001406,2
51123195,2
51094492,4
51094494,4
51096103,4
51097438,4
50022217,3
51110029,4
51110032,4
50880931,5
51094476,4
51094305,4
50906115,5
51001404,4
51001404,4
50025860,3
51097414,4
51094306,2
50824714,5
51001404,4
51001405,2
51092579,6
51092579,6
51092857,4
50824715,5
49878606,3
50824715,5
51001405,2
51001405,2
51001406,2
51123195,2
51123195,2
51094488,2
51123195,2
51110061,4
51110061,4
1,1
1,1
51094492,4
51094492,4
51094494,4
51096103,4
51097438,4
51097438,4
51097438,4
51097441,4
1,1
50022217,3
51110029,4
51110032,4
50880931,5
51094476,4
51094305,4
50906115,5
51001404,4
51001404,4
50025860,3
51097414,4
51094306,2
50824714,5
51001404,4
51001405,2
51092579,6
51092579,6
51092857,4
50824715,5
49878606,3
50824715,5
51001405,2
51123195,2
51094488,2
51123195,2
51110061,4
51110061,4
1,1
1,1
51094492,4
51094492,4
51094494,4
51096103,4
51097438,4
1,1
1,1
1,1
1,1
50200823,3
50200823,3
50200824,3
51096081,4
51092823,2
51092823,2
51096081,4
1,1
1,1
49878592,3
50651190,0
51096081,4
51094488,2
51123195,2
1,1
1,1
1,1
1,1
1,1
1,1
1,1
1,1
51092585,2
51092590,4
1,1
1,1
1,1
1,1
51096109,2
1,1
51096109,2
51096109,2
50025888,3
51092889,4
1,1
1,1
50651193,0
51092848,6
1,1
1,1
1,1
51001405,2
49878606,3
49878606,3
1,1
1,1
1,1
1,1
1,1
1,1
1,1
1,1
1,1
1,1
51092585,2
51092590,4
1,1
1,1
1,1
1,1
51096109,2
1,1
51096109,2
51096109,2
50025888,3
51092889,4
1,1
50760943,0
50760944,5
50760944,5
51096091,6
1,1
1,1
50760945,0
1,1
50750128,0
1,1
51121612,2
51094308,4
51096095,2
51094308,4
51094490,4
51094490,4
1,1
50750131,0
1,1
1,1
1,1
1,1
1,1
1,1
1,1
1,1
50750131,0
1,1
1,1
1,1
50750132,0
1,1
50760948,0
51092590,4
50760948,0
1,1
51094312,2
51094312,2
50025878,3
1,1
50025878,3
51096017,6
51096105,2
51096107,2
51096017,6
51096107,2
51096107,2
51092880,6
1,1
1,1
50760943,0
50760944,5
50760944,5
51096091,6
1,1
1,1
50760945,0
1,1
50750128,0
1,1
1,1
1,1
51096095,2
51096095,2
51094308,4
51096099,2
51094490,4
1,1
50750131,0
50750131,0
50750131,0
51094311,4
51092590,4
51094312,2
51094312,2
51094312,2
50025878,3
1,1
50025878,3
51096017,6
51096105,2
51096107,2
51096017,6
51096107,2
51096107,2
51092880,6
1,1
1,1
50814288,0
50814291,5
50814294,5
50731726,5
50731726,5
50731727,0
50731728,5
50731728,5
50731729,0
50731730,0
50731730,0
50989687,6
50824692,0
50824694,0
50824696,0
50824696,0
50824698,5
50824698,5
51097384,2
51097387,6
51097387,6
51096079,2
51092558,2
1,1
51097402,4
51092558,2
51092814,4
51094303,6
51094304,2
51094304,2
50025850,3
51092564,4
51094304,2
51096013,4
51092564,4
51092831,4
51094304,2
51092564,4
51094304,2
51094304,2
51092839,6
51092569,4
50824710,0
50824712,0
50824712,0
50824714,5
50824714,5
51094480,4
51096089,2
50025868,3
51092579,6
51092848,6
50636123,0
50760945,0
1,1
50880085,5
50880086,0
1,1
1,1
51094306,2
51122117,6
1,1
1,1
51096091,6
50025868,3
51092857,4
51094307,4
1,1
50824715,5
50876598,5
50788542,5
1,1
1,1
1,1
50760945,0
51094484,2
51096091,6
51094307,4
51096091,6
51094307,4
1,1
50824717,5
50824717,5
50760946,0
51094308,4
51123195,2
51094488,2
51123195,2
51096097,2
51092864,4
1,1
1,1
1,1
51097435,2
50636017,0
50750131,0
51094490,4
51094492,4
51123714,4
1,1
50906123,5
51092537,4
51094443,2
51096007,4
51094462,6
50025848,3
50025850,3
51092564,4
51092823,2
51092564,4
50025852,3
51096013,4
51094472,6
51092831,4
51094472,6
51094472,6
51096083,4
51096085,2
51096087,2
51094476,4
50025868,3
51123195,2
50025868,3
50025868,3
51123195,2
50025868,3
51123195,2
50025868,3
51123195,2
50025868,3
51123195,2
50025868,3
51094488,2
50025868,3
50025870,3
50025872,3
50025874,3
51097435,2
51097435,2
50906119,5
51092590,4
51092872,4
51097435,2
51092590,4
51094492,4
51096103,4
51096105,2
51097435,2
51096105,2
1,1
1,1
51094484,2
51092857,4
51123195,2
51096091,6
50025868,3
51123195,2
51123195,2
51094488,2
51123195,2
51094490,4
50025872,3
50025874,3
50025876,3
50025878,3
51094492,4
51092872,4
50025878,3
50025878,3
1,1
1,1
1,1
51096105,2
51096107,2
1,1
51096107,2
1,1
1,1
51092600,4
51092600,4
51092600,4
51092606,4
1,1
1,1
1,1
1,1
51096109,2
51094490,4
50025872,3
50025874,3
50025876,3
50025878,3
51094492,4
51092872,4
50025878,3
50025878,3
1,1
50025878,3
50025878,3
51094496,4
51092600,4
51094312,2
50025878,3
51096017,6
51097438,4
51096017,6
51092600,4
51096017,6
51097438,4
51096017,6
51097438,4
51092600,4
51092600,4
51092600,4
51092600,4
51092606,4
1,1
1,1
1,1
1,1
51096109,2
51092543,4
51094302,2
51094302,2
51094303,6
51094304,2
51094304,2
51094304,2
51031198,6
50236802,3
50236802,3
50236803,3
50236803,3
50236804,3
50236804,3
50236805,3
50236805,3
50236806,3
50236806,3
51031212,4
51092579,6
51094310,4
51094310,4
51094311,4
51094312,2
51096103,4
50025878,3
50025878,3
51094496,4
50025878,3
51094496,4
50025878,3
51096017,6
51097438,4
51097438,4
51092600,4
51097438,4
51097438,4
50880078,5
51094443,2
51094443,2
51096051,4
50880081,5
51094302,2
50880081,5
51094458,4
51094462,6
50880082,5
50880082,5
1,1
50880083,0
50880083,0
50880084,0
50880084,0
50880084,0
51094304,2
50880084,0
51094304,2
50880084,0
51094304,2
50880084,0
51094305,4
51094305,4
51094306,2
51094480,4
50880085,5
51094480,4
51094306,2
51094480,4
51094480,4
50880092,5
50880092,5
50880092,5
51094311,4
51094312,2
51097435,2
51092594,2
51092594,2
51094312,2
51094498,6
51094498,6
51094312,2
51094498,6
51094312,2
51094498,6
51094498,6
51094312,2
50880095,5
51094312,2
51094312,2
50880095,5
51094313,6
50880095,5
1,1
51094476,4
51094480,4
51094480,4
51096089,2
51096091,6
51096105,2
51096107,2
51096107,2
51096109,2
51096109,2
51096109,2
51096111,4
1,1
1,1
1,1
51097405,4
51092569,4
51094484,2
51123195,2
51123195,2
51094488,2
51123195,2
51092585,2
51092585,2
51092590,4
51092594,2
51096105,2
51096107,2
51096107,2
1,1
51094462,6
51097402,4
51097405,4
51097405,4
51092569,4
51092569,4
51092573,6
49878598,3
1,1
1,1
1,1
1,1
1,1
1,1
51094484,2
51094484,2
51123195,2
51123195,2
51094488,2
51123195,2
51092585,2
51092585,2
51092590,4
51092594,2
51096105,2
51096107,2
51096107,2
1,1
51096073,2
51094443,2
51094448,6
51094453,2
51094458,4
51094462,6
51094462,6
51094472,6
51127949,6
51094472,6
49878584,3
51122127,4
50966549,6
51094448,6
51096051,4
51094301,2
1,1
51122128,2
50880081,5
50876593,0
1,1
51096079,2
51096079,2
1,1
1,1
50880088,0
50880088,0
50880089,0
50880089,0
51001406,2
51001407,4
50824724,0
51092585,2
51122139,2
50880092,5
50651196,0
51097432,4
50966561,2
1,1
50937539,5
50025874,3
51092585,2
1,1
51122139,2
51122140,4
1,1
50880092,5
50880092,5
50880093,5
50025878,3
50025878,3
51096017,6
51092880,6
49878620,3
50880094,0
50880094,0
51096105,2
51096107,2
51096107,2
51092600,4
51092880,6
51092880,6
49878626,3
49878628,3
51096105,2
51096107,2
51096107,2
51092600,4
51092880,6
51092880,6
49878626,3
49878628,3
51096081,4
51096081,4
51096081,4
51096083,4
51096083,4
51096085,2
1,1
1,1
1,1
1,1
1,1
1,1
51092848,6
1,1
1,1
51092579,6
51117624,6
1,1
1,1
1,1
51092880,6
51094312,2
1,1
1,1
1,1
1,1
1,1
1,1
51096109,2
51096081,4
51096081,4
51096081,4
51096081,4
51096081,4
51096083,4
51096083,4
51096085,2
1,1
51092880,6
51094312,2
1,1
1,1
1,1
1,1
1,1
1,1
51096109,2
51096081,4
51096081,4
51096081,4
51096081,4
51097405,4
51096081,4
51096081,4
51096081,4
51096081,4
51096083,4
50874497,5
50874498,5
50874499,0
1,1
1,1
1,1
51121790,4
1,1
51092848,6
50880936,0
1,1
1,1
1,1
1,1
1,1
1,1
1,1
1,1
1,1
1,1
1,1
51092848,6
1,1
1,1
51092579,6
51117624,6
1,1
51096081,4
51096081,4
51096081,4
51096081,4
51097405,4
51096081,4
51096081,4
1,1
51096081,4
1,1
1,1
1,1
50874497,5
50874497,5
50874498,5
50874499,0
1,1
1,1
1,1
51121790,4
1,1
51092848,6
50880936,0
1,1
1,1
1,1
1,1
1,1
1,1
1,1
1,1
1,1
1,1
1,1
51092848,6
1,1
1,1
51092579,6
51117624,6
51094472,6
51094472,6
51094476,4
51094480,4
50025860,3
50025862,3
50025864,3
50025866,3
50025868,3
50025868,3
50025868,3
50025868,3
50025870,3
50025872,3
50025874,3
51094490,4
51094492,4
51096103,4
51097435,2
51097435,2
51097438,4
51094498,6
51094498,6
51094498,6
51096017,6
50025884,3
50025886,3
50025888,3
51123710,2
51097405,4
51097405,4
51097408,4
51092569,4
51096085,2
51096087,2
51094476,4
51094480,4
51096089,2
51096089,2
51094488,2
51094490,4
51096099,2
51096101,6
51092585,2
51092590,4
51092594,2
51092594,2
51092600,4
51092600,4
1,1
51094496,4
51094498,6
1,1
51096107,2
51092600,4
51092600,4
1,1
51097438,4
51092880,6
1,1
51092880,6
51092880,6
1,1
1,1
1,1
1,1
51096079,2
51096081,4
51096081,4
51097405,4
51097405,4
51097405,4
51097408,4
51092569,4
51096085,2
51096087,2
51094476,4
51094480,4
51096089,2
51096089,2
51092848,6
51092857,4
51092857,4
51092857,4
51092857,4
51121432,6
1,1
51094488,2
51094490,4
51096099,2
51096101,6
51092585,2
51092590,4
51092594,2
51092594,2
51092600,4
51092600,4
1,1
51094496,4
51094498,6
1,1
51096107,2
51092600,4
51092600,4
1,1
51097438,4
51092880,6
1,1
51092880,6
51092880,6
1,1
51097405,4
51097405,4
51097408,4
51092569,4
51096085,2
51096087,2
51094476,4
51094480,4
51096089,2
51096089,2
51094488,2
51094490,4
51096099,2
51096101,6
51092585,2
51092590,4
51092594,2
51092594,2
51092600,4
51097405,4
51097405,4
51097408,4
51092569,4
51096085,2
51096087,2
51094476,4
51094480,4
51096089,2
51096089,2
51092848,6
51092857,4
51092857,4
51092857,4
51092857,4
51121432,6
1,1
51094488,2
51094490,4
51096099,2
51096101,6
51092585,2
51092590,4
51092594,2
51092594,2
51092600,4
51092527,4
51092527,4
51094480,4
50651194,0
51094480,4
51123195,2
51094488,2
51123195,2
51094490,4
51096099,2
51094490,4
51094310,4
51094311,4
51092590,4
1,1
50025878,3
51094312,2
51094312,2
50025878,3
51096017,6
51094498,6
51094498,6
51096017,6
51094312,2
51094498,6
51094312,2
51094498,6
51094498,6
50049937,3
51094448,6
51094453,2
51094302,2
1,1
51123195,2
51094488,2
51123195,2
51094490,4
51096099,2
51094490,4
51094310,4
51094311,4
51092590,4
1,1
50025878,3
51094312,2
51094312,2
50025878,3
51096017,6
51094498,6
51094498,6
51096017,6
51094312,2
51094498,6
51094312,2
51094498,6
51094498,6
50049937,3
50966766,5
51094490,4
51097432,4
51092585,2
51092590,4
51096101,6
51096103,4
51096105,2
1,1
51094297,4
51094298,4
51094299,2
51094300,4
51094301,2
51094301,2
51094301,2
50025848,3
50025850,3
50025852,3
51094304,2
50025852,3
51096013,4
50049876,3
50049877,3
50049878,3
50049879,3
50025858,3
50025860,3
50025862,3
50025864,3
50025866,3
50049905,3
50049906,3
50049907,3
50049908,3
50049909,3
50025868,3
50025870,3
50025872,3
50025874,3
51094310,4
51094311,4
51094312,2
51094312,2
51096017,6
51096017,6
51094312,2
51096017,6
51094312,2
50874488,5
50874489,5
51094443,2
51094448,6
51094453,2
51094458,4
51094462,6
51094462,6
51127949,6
51096081,4
51094472,6
51094472,6
51094476,4
51094305,4
51094305,4
51092839,6
51092848,6
51092848,6
51096089,2
51096091,6
51094480,4
51094480,4
50025868,3
50025868,3
50025868,3
50025870,3
50025872,3
50025878,3
51094496,4
50025878,3
51096105,2
51096107,2
51096107,2
51094498,6
51096017,6
51094498,6
51094498,6
51096017,6
50025884,3
50025886,3
51123710,2
51094500,2
51092889,4
51092889,4
51123714,4
51092889,4
51092612,4
51092889,4
51092537,4
51092543,4
51096007,4
51096007,4
51096051,4
51097390,4
51097393,4
51096075,6
51094453,2
51094472,6
51096081,4
51092564,4
51092569,4
51092573,6
51092579,6
51092579,6
51097417,6
51097420,4
51097420,4
51097423,2
51097426,2
51097426,2
51097429,4
51097432,4
51097432,4
51097435,2
50025874,3
50025876,3
50025878,3
1,1
50880092,5
51117626,6
1,1
50219644,3
50219645,3
50937540,5
50937540,5
50937541,5
50937541,5
50937542,5
51092600,4
51094498,6
51094498,6
51097438,4
51097441,4
51092606,4
51092606,4
50874496,5
50874497,5
51121603,6
51121603,6
51092839,6
51092569,4
1,1
50760944,5
1,1
50874496,5
50874497,5
51121603,6
51121603,6
51092839,6
51092569,4
1,1
50760944,5
1,1
50874496,5
50874497,5
51121603,6
51121603,6
51092839,6
51092569,4
1,1
50760944,5
1,1
50874496,5
50874497,5
51121603,6
51121603,6
51092839,6
51092569,4
1,1
50760944,5
1,1
50814288,0
50814291,5
49878588,3
50200822,3
1,1
1,1
1,1
1,1
50966753,2
50966755,5
50966755,5
51096089,2
51097417,6
51092579,6
51092848,6
51092857,4
51092857,4
51092600,4
51092880,6
51092880,6
51092600,4
51092880,6
51092880,6
50812669,5
50812672,5
1,1
1,1
49878588,3
50200822,3
1,1
1,1
1,1
1,1
50966753,2
50966755,5
50966755,5
51092848,6
51092857,4
51092857,4
1,1
51121625,2
51121626,2
51121626,2
51121627,2
51092880,6
51092606,4
51096017,6
51094312,2
51092880,6
51092806,6
49878584,3
49878586,3
51092857,4
51092579,6
50937539,5
50022226,3
51092585,2
51092872,4
51092872,4
51094490,4
51096101,6
51092585,2
51094496,4
1,1
1,1
1,1
1,1
1,1
51092880,6
51094312,2
1,1
51001408,4
50801215,0
1,1
1,1
1,1
1,1
51094443,2
51094443,2
51094448,6
51094453,2
51094458,4
51123195,2
51096095,2
51096097,2
51092579,6
51096097,2
51092579,6
51096097,2
51092579,6
51096097,2
51096099,2
51096101,6
51094490,4
51094492,4
51094494,4
51094496,4
51094496,4
1,1
1,1
1,1
1,1
1,1
1,1
1,1
51096109,2
51096109,2
51094311,4
50025878,3
51096103,4
51097435,2
50025878,3
51097435,2
51097435,2
51094312,2
51097435,2
50025878,3
51096017,6
51096017,6
51094312,2
51096017,6
51094312,2
51096017,6
51096017,6
51094312,2
51096017,6
50025884,3
50025886,3
51123710,2
51094313,6
51096015,6
1,1
1,1
1,1
1,1
1,1
1,1
1,1
1,1
50874492,0
50874492,0
50874493,0
51094462,6
50022213,3
50022214,3
50874494,0
50022214,3
50022215,3
51096081,4
51094472,6
51123195,2
51123195,2
50025868,3
51096095,2
51123195,2
50025868,3
51096097,2
51123195,2
51096097,2
51123195,2
51096097,2
51123195,2
51096097,2
51123195,2
51096097,2
51123195,2
51096097,2
51094488,2
51096097,2
51096099,2
50025872,3
51097432,4
51094310,4
50788544,0
1,1
1,1
1,1
50824724,0
50906119,5
50750131,0
50929703,6
1,1
1,1
50824725,5
50824725,5
51094311,4
51092590,4
51094492,4
51097435,2
1,1
51096103,4
50025878,3
50025878,3
51097435,2
50025878,3
51096017,6
1,1
51096105,2
51097438,4
51092600,4
51097438,4
51096107,2
51096017,6
1,1
1,1
1,1
1,1
51092880,6
51097438,4
51092600,4
1,1
1,1
51094312,2
51092880,6
1,1
51092600,4
51096107,2
1,1
51096107,2
51097438,4
1,1
51096107,2
51096017,6
51097438,4
51092600,4
51096109,2
51097438,4
51096109,2
51096017,6
51096109,2
51096109,2
50025886,3
51094313,6
50636019,0
50824732,0
50906121,5
50824732,0
1,1
50200840,3
50200840,3
51092889,4
50025888,3
51097447,2
50200840,3
50824732,0
50824733,0
50824735,5
50937527,5
50937528,5
50937528,5
50937529,5
50937530,5
50880080,5
50880081,5
50937530,5
50937531,5
50937532,5
50937533,5
50937533,5
50880082,5
51092814,4
51097396,6
51094462,6
51096081,4
51096081,4
51096083,4
51096015,6
51094472,6
51096083,4
50025858,3
51096089,2
51094305,4
1,1
51096089,2
51096089,2
50025860,3
51094306,2
51096089,2
51094480,4
51094480,4
51097435,2
51097438,4
51097438,4
51097438,4
51097441,4
51097441,4
51094500,2
50025886,3
51092606,4
50880095,5
50937544,5
51092606,4
51092606,4
51092612,4
51096081,4
51097405,4
51097405,4
51097408,4
1,1
50760945,0
50760945,0
51097414,4
51092848,6
1,1
1,1
50876597,0
50824714,5
1,1
1,1
1,1
51094306,2
51097417,6
51092848,6
51094306,2
51097420,4
51122117,6
1,1
51096091,6
51092857,4
1,1
49878608,3
1,1
1,1
50966559,2
50760946,0
50760947,0
50760947,0
50760947,0
51092585,2
51092590,4
51092594,2
50760948,0
50937540,5
51001408,4
50937540,5
50937541,5
51001408,4
50937541,5
51094496,4
50937541,5
51094498,6
51096017,6
50937541,5
50937541,5
50937542,5
1,1
1,1
51094312,2
51092880,6
51092880,6
51096017,6
1,1
1,1
1,1
50966564,2
1,1
50966564,2
51096017,6
51121811,6
1,1
1,1
49878626,3
50906121,5
51001409,4
50824732,0
50824732,0
50906121,5
49878630,3
1,1
1,1
1,1
1,1
1,1
1,1
1,1
1,1
1,1
1,1
1,1
1,1
1,1
50824732,0
1,1
50824733,0
51094443,2
51094443,2
51096081,4
51097405,4
51097405,4
51097408,4
51097408,4
51092585,2
51092590,4
51092594,2
51092594,2
51096103,4
51096105,2
50025878,3
51096017,6
51096105,2
51097438,4
51092880,6
51097438,4
51096107,2
51096107,2
50824705,0
50824705,0
50824707,5
50022214,3
51110023,4
50022215,3
51097402,4
51097405,4
51096081,4
51097405,4
51097405,4
51097408,4
1,1
51094472,6
51094472,6
51094476,4
51094480,4
51094480,4
51123195,2
51094488,2
51123195,2
51094492,4
51094494,4
51094496,4
51096103,4
50025878,3
51092594,2
51092594,2
51092600,4
51092880,6
50636018,0
1,1
1,1
1,1
50880094,0
1,1
50937541,5
50219646,3
1,1
50906120,5
1,1
1,1
1,1
1,1
50636018,0
51094312,2
51092600,4
51096017,6
51097438,4
51092600,4
51096017,6
51092600,4
50200836,3
1,1
1,1
1,1
50219647,3
1,1
50906120,5
51001408,4
50824729,5
1,1
1,1
1,1
1,1
50200836,3
51094312,2
51092600,4
51094498,6
51096109,2
51096017,6
51092880,6
51094312,2
51094312,2
51092600,4
51092606,4
51096017,6
51097441,4
51094500,2
51097441,4
51092606,4
51123710,2
51122143,2
1,1
50025884,3
50025886,3
1,1
50200839,3
50636019,0
50025886,3
51097441,4
1,1
51122144,2
50025886,3
51094476,4
51094480,4
51094480,4
51094492,4
50025878,3
50025878,3
51096017,6
51094498,6
51094498,6
51094498,6
51094500,2
51096017,6
50025884,3
50025886,3
51123710,2
50651177,0
50651177,0
1,1
50813710,0
50813150,0
50811679,5
50669093,0
1,1
50651177,0
50732556,5
50732556,5
1,1
51092744,4
51118384,4
50966550,5
50049865,3
50049866,3
50876593,0
50876593,0
1,1
50025846,3
51094302,2
50876593,0
50876594,0
50876594,0
50876595,0
50876596,0
50876596,0
50876597,0
1,1
51097408,4
51097411,4
51097414,4
51097414,4
51097417,6
51097417,6
51097420,4
51094480,4
51094480,4
51094482,4
51094484,2
51092579,6
51092579,6
51092579,6
51092585,2
51092585,2
50025874,3
51092585,2
51092590,4
51092594,2
51092594,2
51092600,4
51092600,4
51097438,4
51097438,4
51094312,2
51001409,4
50824732,0
51097441,4
51001409,4
51001409,4
51001409,4
51001410,4
51123714,4
1,1
51097408,4
51097411,4
51097414,4
51094439,2
51094297,4
51094443,2
51094443,2
50760944,5
50760944,5
50750124,0
50750125,0
50750125,0
50760945,0
50750127,0
51096089,2
1,1
1,1
1,1
1,1
51094480,4
51096089,2
50025868,3
1,1
1,1
51123195,2
51094488,2
51123195,2
1,1
51094488,2
51094490,4
51096099,2
51094490,4
51096099,2
51094490,4
51096109,2
1,1
51096109,2
51096109,2
51096109,2
51096111,4
1,1
51096111,4
51096051,4
51096011,6
51096051,4
50880081,5
51118390,4
51092558,2
51092564,4
51092564,4
51092569,4
50760944,5
50750124,0
50750125,0
50750125,0
50760945,0
50750127,0
51096089,2
1,1
1,1
1,1
1,1
51094480,4
51096089,2
50025868,3
1,1
1,1
51123195,2
50880088,0
50880089,0
51097426,2
51097426,2
51094310,4
50880089,0
51123195,2
51094310,4
51097426,2
51123195,2
50880090,0
50880092,5
51094488,2
50880092,5
50880092,5
1,1
50750131,0
50750131,0
51092590,4
51094492,4
51092590,4
51092594,2
51092594,2
51092600,4
50025878,3
51096017,6
51094498,6
51094498,6
50880095,5
51094498,6
51094498,6
1,1
51096017,6
51097438,4
51097441,4
51097441,4
51092606,4
51097441,4
51092606,4
51092606,4
51097447,2
51092606,4
51094492,4
51094494,4
49984977,3
49984979,3
51096103,4
49984979,3
49984979,3
1,1
50620674,0
50617966,5
50025878,3
49984979,3
50379353,0
49984979,3
49984979,3
50619414,0
50619414,0
51112041,6
51096109,2
51096109,2
51096111,4
51096113,4
1,1
49951977,3
49951978,3
50171434,3
51094488,2
51123195,2
49951977,3
49951978,3
51094488,2
51123195,2
51096007,4
51094443,2
51094443,2
51094448,6
51094453,2
51094458,4
51094462,6
51094462,6
51094472,6
51127949,6
51094472,6
51094476,4
51094480,4
1,1
51094480,4
1,1
51094480,4
1,1
1,1
1,1
50025868,3
1,1
51094482,4
1,1
51094484,2
1,1
51094484,2
1,1
51094484,2
51123195,2
51123195,2
51094488,2
51123195,2
51094490,4
51097432,4
51097435,2
50025874,3
51094490,4
51094492,4
51097435,2
1,1
51097435,2
51097435,2
1,1
51097435,2
51094496,4
1,1
51094496,4
51094498,6
1,1
51094498,6
51094498,6
1,1
51094498,6
1,1
51094498,6
51094498,6
51096007,4
51094443,2
51094443,2
51094448,6
51094453,2
51094458,4
51094462,6
51094462,6
51094472,6
51127949,6
51094472,6
51094476,4
51094480,4
1,1
51094480,4
1,1
51094480,4
1,1
1,1
1,1
50025868,3
1,1
51094482,4
1,1
51094484,2
1,1
51094484,2
1,1
51094484,2
51123195,2
51123195,2
51094488,2
51123195,2
51094490,4
51097432,4
51097435,2
50025874,3
51094490,4
51094492,4
51097435,2
1,1
51097435,2
51097435,2
1,1
51097435,2
51094496,4
1,1
51094496,4
51094498,6
1,1
51094498,6
51094498,6
1,1
51094498,6
1,1
51094498,6
51094498,6
51094472,6
51094472,6
51094472,6
51092839,6
51092569,4
51094472,6
1,1
51001404,4
1,1
51122131,4
50906114,5
51094476,4
51092839,6
51097408,4
51092573,6
51094476,4
51092839,6
51094476,4
51094480,4
51092848,6
51092848,6
51094480,4
51092848,6
1,1
51092848,6
51092857,4
51092857,4
1,1
51092857,4
1,1
51092857,4
51123195,2
51123195,2
51123195,2
51092857,4
51123195,2
51092857,4
51094488,2
51123195,2
51094490,4
51094310,4
51092585,2
51092872,4
51092585,2
51092872,4
1,1
51094492,4
51092590,4
51092872,4
1,1
51094311,4
51092872,4
51092872,4
51094312,2
51092872,4
1,1
50025878,3
50966769,5
50906120,5
1,1
1,1
51092880,6
51097438,4
1,1
51096017,6
51094312,2
51097438,4
1,1
51096107,2
51096107,2
51094312,2
1,1
51094312,2
51094312,2
51096109,2
51096109,2
51094472,6
51094472,6
51094472,6
51094472,6
51094472,6
50880084,0
51092569,4
50880084,0
50880084,0
51092848,6
50880084,0
51097414,4
50880084,0
50880085,5
50651194,0
51106577,6
50880085,5
50880085,5
50880086,0
51092848,6
51092857,4
51092857,4
50880087,5
51092857,4
51092579,6
50880087,5
51117624,6
51122136,6
51092579,6
51092579,6
50788542,5
50824721,0
50906118,5
51117624,6
50937539,5
50906118,5
51097426,2
50025868,3
51092857,4
51092857,4
50219641,3
51092579,6
51094310,4
51097426,2
51097429,4
51092585,2
51094310,4
51094310,4
50651196,0
51094310,4
51094310,4
51092585,2
51092585,2
50880092,5
51092585,2
50880092,5
50880092,5
50880092,5
50880093,5
50937540,5
50966769,5
1,1
51117626,6
50880093,5
50906119,5
50876606,5
1,1
50636018,0
50636018,0
51094496,4
50880093,5
51092594,2
51092872,4
50880094,0
51092872,4
50880094,0
50880094,0
51094498,6
50880094,0
51094498,6
51092600,4
51094498,6
51094498,6
51092600,4
51092606,4
51092606,4
51092606,4
51094472,6
51094472,6
51094472,6
51094310,4
51092585,2
51092585,2
50880092,5
51092585,2
50880092,5
50880092,5
50814288,0
50788538,5
1,1
1,1
51094443,2
51094443,2
51094443,2
51094443,2
51094443,2
51094448,6
51094472,6
51094472,6
51094476,4
51096089,2
51096091,6
51092848,6
51122117,6
51117624,6
50880087,5
51096091,6
51096091,6
51117624,6
51096091,6
50788542,5
1,1
1,1
1,1
50824715,5
50824717,5
51117624,6
51096091,6
51117624,6
51096091,6
51123195,2
51094488,2
51123195,2
51094490,4
1,1
51094492,4
51094494,4
51094496,4
51094496,4
50906120,5
1,1
51096017,6
50906120,5
50906120,5
50906120,5
51096109,2
51094472,6
51094472,6
51094476,4
50876597,0
50651194,0
51117624,6
51117624,6
51117624,6
51117624,6
50880088,0
50906117,0
50906118,5
50906118,5
51094488,2
51094490,4
50025872,3
50025874,3
51094490,4
50811682,5
50811685,5
51092527,4
51092600,4
51096017,6
51096017,6
51092880,6
51092880,6
51092889,4
51092889,4
50811682,5
50811685,5
51092527,4
51092600,4
51096017,6
51096017,6
51092880,6
51092880,6
51092889,4
51092889,4
1,1
50823873,5
49982895,3
51092831,4
1,1
49984963,3
49984965,3
49984965,3
51094480,4
51096089,2
49984965,3
51096089,2
49969375,3
49969377,3
49969377,3
51096089,2
49969377,3
49982901,3
50958214,6
50958216,6
51096091,6
49969377,3
49969377,3
49969379,3
49969379,3
50732435,0
51094490,4
51096099,2
51092872,4
50788544,0
51092872,4
51094310,4
51094311,4
50025876,3
51092872,4
50025876,3
51092872,4
49984977,3
51092872,4
49984977,3
51092872,4
49969387,3
51092872,4
49984979,3
51092872,4
49969387,3
49984979,3
49984979,3
49969387,3
51092872,4
49969387,3
51092872,4
51092600,4
49984979,3
51092600,4
51092872,4
49984979,3
51092600,4
49984979,3
51092600,4
49984979,3
51092600,4
49984979,3
49982915,3
49984979,3
49984979,3
51094498,6
1,1
50823873,5
49982895,3
51092831,4
1,1
49984963,3
49984965,3
49984965,3
51094480,4
51096089,2
49984965,3
51096089,2
49969375,3
49969377,3
49969377,3
51096089,2
49969377,3
49982901,3
50958214,6
50958216,6
51096091,6
49969377,3
49969377,3
49969379,3
49969379,3
50732435,0
51094490,4
51096099,2
51092872,4
50788544,0
51092872,4
51094310,4
51094311,4
50025876,3
51092872,4
50025876,3
51092872,4
49984977,3
51092872,4
49984977,3
51092872,4
49969387,3
51092872,4
49984979,3
51092872,4
49969387,3
49984979,3
49984979,3
49969387,3
51092872,4
49969387,3
51092872,4
51092600,4
49984979,3
51092600,4
51092872,4
49984979,3
51092600,4
49984979,3
51092600,4
49984979,3
51092600,4
49984979,3
49982915,3
49984979,3
49984979,3
51094498,6
50025878,3
51096017,6
51097438,4
51092880,6
51094312,2
51092880,6
51097438,4
50801215,0
50801215,0
50801215,0
50801215,0
1,1
1,1
1,1
1,1
1,1
1,1
51001408,4
51001408,4
50022232,3
50022233,3
51092880,6
51092880,6
51092600,4
51096109,2
51096017,6
51092880,6
50876609,0
1,1
51092880,6
51094500,2
51094500,2
50025886,3
51092606,4
51001409,4
51092527,4
1,1
1,1
1,1
50880955,5
50880955,5
50880956,5
50880957,5
50880958,5
50880959,5
1,1
1,1
1,1
51001408,4
51001408,4
50022232,3
50022233,3
51092880,6
51092880,6
51092600,4
51096109,2
51096017,6
51092880,6
50876609,0
1,1
51092880,6
51094500,2
51094500,2
50025886,3
51092606,4
51001409,4
1,1
1,1
1,1
1,1
1,1
50880955,5
50880956,5
50880957,5
50880958,5
50880959,5
1,1
1,1
1,1
51001408,4
50049836,3
50049837,3
50049838,3
50049839,3
50049840,3
50049841,3
50049842,3
50049873,3
50049874,3
1,1
50824708,0
51122130,4
1,1
51094304,2
51096081,4
50200825,3
1,1
1,1
1,1
50824710,0
50824710,0
1,1
51122131,4
1,1
1,1
50049880,3
50049881,3
50049882,3
50049890,3
50049891,3
50049892,3
50049893,3
50049894,3
50049895,3
51094488,2
50049912,3
50049913,3
50049914,3
50049915,3
50049916,3
51094490,4
51094310,4
51094311,4
50049920,3
50049921,3
50049922,3
50049923,3
50876606,5
50880093,5
50880094,0
50880094,0
50880095,5
50880095,5
50219647,3
50219648,3
51092569,4
1,1
1,1
1,1
1,1
51123195,2
51123195,2
51094488,2
51123195,2
51092585,2
51092590,4
49984979,3
49984979,3
1,1
51094498,6
51096017,6
51096017,6
50619410,0
51096017,6
50204247,3
50482293,0
49878622,3
1,1
51092880,6
51092880,6
51092600,4
51096017,6
51096109,2
51096017,6
51092880,6
51092569,4
51123195,2
51123195,2
51094488,2
51123195,2
50025872,3
51097432,4
51109305,6
51113077,4
50311455,3
51109308,6
50311457,3
51092585,2
51092590,4
50311463,3
51094496,4
51097435,2
51092594,2
51094312,2
51094496,4
51094496,4
51096017,6
51096017,6
51097438,4
51097438,4
51092600,4
50311467,3
51096017,6
51097438,4
50200836,3
51097438,4
51096017,6
51097438,4
51096017,6
51097438,4
51096017,6
51097438,4
51096017,6
51096017,6
51097438,4
50472266,0
51097438,4
51096017,6
51097438,4
50472268,0
51097438,4
51096017,6
51097438,4
51097441,4
51097390,4
51097390,4
51096081,4
51096083,4
51097408,4
51097411,4
51097414,4
51097417,6
51094306,2
51094306,2
51122117,6
51094307,4
51122117,6
51097420,4
1,1
51097420,4
51097423,2
51097426,2
51094309,4
51094310,4
51094310,4
51097435,2
51097435,2
51097435,2
51097438,4
51094498,6
51094498,6
51094498,6
51097390,4
51097390,4
51096081,4
51096083,4
51097408,4
51097411,4
51097414,4
51097417,6
51094306,2
51094306,2
51122117,6
51094307,4
51122117,6
51097420,4
1,1
51097420,4
51097423,2
51097426,2
51094309,4
51094310,4
51094310,4
51097435,2
51097435,2
51097435,2
51097438,4
51094498,6
51094498,6
51094498,6
51094301,2
51094443,2
49982883,3
49986255,3
50958212,6
51099834,4
51099835,4
51121489,6
50750120,0
50761017,0
50761018,0
50761018,0
50750121,0
49821275,3
51099836,2
51099976,6
49986255,3
49986255,3
50610829,5
50610829,5
50732934,0
49982899,3
50732934,0
1,1
51099839,6
50356771,3
49821279,3
49821279,3
50750127,0
50760945,0
49969377,3
1,1
1,1
49969377,3
1,1
49969377,3
49982901,3
49984967,3
49982901,3
49982903,3
49984969,3
51123195,2
1,1
51123195,2
51094488,2
51123195,2
51096097,2
49980697,3
1,1
1,1
50732938,0
51099983,2
50244902,3
49982913,3
49984977,3
50356779,3
49969387,3
50761812,0
49969387,3
51099985,2
50356779,3
49969387,3
49969387,3
50356781,3
49821289,3
50967275,5
50620678,0
50620678,0
50617968,5
1,1
51112043,6
51123710,2
51092531,2
51092537,4
51096007,4
51096007,4
50433532,0
50820949,5
50820954,5
49880866,3
50820949,5
50820949,5
49880868,3
50321721,3
50321723,3
50617954,5
50621290,0
50621290,0
50327055,3
51092558,2
51094304,2
51094304,2
51094304,2
51122021,4
51122021,4
51122021,4
51122023,6
51096091,6
51096091,6
51092857,4
51096091,6
51092857,4
50788542,5
50440350,0
49878608,3
49878608,3
51092857,4
51092857,4
50482285,0
50482285,0
1,1
51031212,4
51031212,4
51092590,4
1,1
50236809,3
50236810,3
51122031,6
50025878,3
50440364,0
50219646,3
50025878,3
51096017,6
51097438,4
50433560,0
50065641,3
51092880,6
51097438,4
51097438,4
1,1
50621302,0
50618680,0
49880882,3
50180664,3
49902324,3
50327100,3
49902324,3
51097438,4
51097438,4
49902326,3
51097438,4
51097441,4
49902326,3
50321755,3
50321755,3
50180671,3
50180671,3
50180676,3
50065643,3
50065643,3
51092823,2
51097402,4
1,1
1,1
1,1
50966755,5
50022215,3
1,1
1,1
1,1
1,1
1,1
51092564,4
51092569,4
51092573,6
51092579,6
51092579,6
1,1
51092579,6
51092579,6
51092579,6
51092579,6
51092579,6
51123195,2
51094488,2
51123195,2
1,1
1,1
51092585,2
51092872,4
51092872,4
50122847,3
50122847,3
50122847,3
51092880,6
51092823,2
51097402,4
1,1
1,1
1,1
50966755,5
50022215,3
1,1
1,1
1,1
1,1
1,1
51092564,4
51092569,4
51092573,6
51092579,6
51092579,6
1,1
51092579,6
51092579,6
51092579,6
51092579,6
51092579,6
51123195,2
51094488,2
51123195,2
1,1
1,1
51092585,2
51092872,4
51092872,4
50122847,3
50122847,3
50122847,3
51092880,6
51092823,2
51097402,4
1,1
1,1
1,1
50966755,5
50022215,3
1,1
1,1
1,1
1,1
1,1
51092564,4
51092569,4
51092573,6
51092579,6
51092579,6
1,1
51092579,6
51092579,6
51092579,6
51092579,6
51092579,6
51123195,2
51094488,2
51123195,2
1,1
1,1
51092585,2
51092872,4
51092872,4
50122847,3
50122847,3
50122847,3
51092880,6
51092823,2
51097402,4
1,1
1,1
1,1
50966755,5
50022215,3
1,1
1,1
1,1
1,1
1,1
51092564,4
51092569,4
51092573,6
51092579,6
51092579,6
1,1
51092579,6
51092579,6
51092579,6
51092579,6
51092579,6
51123195,2
51094488,2
51123195,2
1,1
1,1
51092585,2
51092872,4
51092872,4
50122847,3
50122847,3
50122847,3
51092880,6
51094443,2
51096051,4
50636018,0
50636018,0
50025878,3
51096017,6
51121623,4
51096017,6
51096017,6
51092880,6
50651183,0
50651183,0
50874486,5
1,1
49878586,3
50022211,3
50022212,3
1,1
50022212,3
50022213,3
50022213,3
50200823,3
51121599,2
50200823,3
1,1
50200826,3
50200826,3
50022218,3
51096083,4
1,1
50200826,3
1,1
1,1
1,1
1,1
1,1
1,1
51096109,2
51096109,2
51096109,2
1,1
1,1
1,1
1,1
1,1
1,1
1,1
1,1
1,1
1,1
1,1
1,1
1,1
1,1
1,1
1,1
1,1
1,1
1,1
1,1
50025862,3
51097414,4
51092848,6
1,1
1,1
1,1
1,1
1,1
1,1
1,1
51096109,2
51096109,2
51096109,2
51094301,2
50049854,3
51094301,2
51094301,2
51094302,2
51094462,6
51127949,6
50906115,5
1,1
50906115,5
50906115,5
50906116,5
50049901,3
50049909,3
50049910,3
50049911,3
50049912,3
50049913,3
50049914,3
50049914,3
50049915,3
50049916,3
50049917,3
50049918,3
50049919,3
50049920,3
50049921,3
50049922,3
50049923,3
50049924,3
50049925,3
50049926,3
50049927,3
50049928,3
51094312,2
50049928,3
51094312,2
51094312,2
51094312,2
51094312,2
50049940,3
51001404,4
51001404,4
50906115,5
50906115,5
1,1
50906115,5
50906115,5
50049914,3
50049915,3
50049916,3
50049917,3
50049918,3
50049919,3
50049920,3
50049921,3
50049922,3
50049923,3
50049924,3
50049925,3
50049926,3
50049927,3
50049928,3
51094312,2
50049928,3
51094312,2
51094312,2
51094312,2
51094312,2
50049940,3
50760943,0
50750123,0
50760943,0
50750123,0
50760943,0
50750123,0
50760943,0
50750123,0
50750124,0
50760943,0
50750124,0
50760943,0
50750124,0
50760944,5
50760944,5
50750124,0
50750125,0
50760944,5
50750125,0
50760944,5
50750125,0
50760945,0
50750125,0
50760945,0
50750125,0
50760945,0
50750125,0
50760945,0
51094488,2
51123195,2
50750130,0
50760947,0
51096097,2
51096099,2
50750131,0
51096099,2
50750131,0
50760948,0
50750131,0
50750131,0
50750132,0
50750133,0
51092872,4
50876605,0
51001407,4
50760943,0
50750123,0
50760943,0
50750123,0
50760943,0
50750123,0
50760943,0
50750123,0
50750124,0
50760943,0
50750124,0
50760943,0
50750124,0
50760944,5
50760944,5
50750124,0
50750125,0
50760944,5
50750125,0
50760944,5
50750125,0
50760945,0
50750125,0
50760945,0
50750125,0
50760945,0
50750125,0
50760945,0
51094484,2
50025868,3
51092579,6
50876598,5
50906116,5
51117624,6
49878608,3
51117624,6
49878608,3
49878608,3
49878610,3
51123195,2
50750130,0
51123195,2
50750130,0
51123195,2
50750130,0
51123195,2
50025878,3
51117627,6
49878618,3
51117627,6
51092594,2
51092600,4
50636018,0
51092600,4
51096017,6
51097438,4
51097438,4
51092600,4
51092606,4
51092606,4
51092797,6
51097390,4
51097393,4
51118390,4
51092564,4
51092569,4
51092573,6
51092579,6
51096089,2
51096089,2
51094480,4
51096091,6
50025868,3
50025868,3
50025868,3
50025868,3
51096097,2
51123195,2
51096097,2
51123195,2
50025868,3
50025870,3
50025872,3
50379348,3
50379349,3
51092872,4
51092872,4
49984979,3
51092594,2
51092872,4
51092600,4
49984979,3
50379352,3
51092880,6
49984979,3
51092880,6
51094312,2
51094312,2
51092880,6
49984979,3
51096017,6
51092880,6
49984979,3
49984981,3
49980705,3
1,1
1,1
1,1
1,1
1,1
1,1
1,1
1,1
51092564,4
51092569,4
51092573,6
51092579,6
51096089,2
51096089,2
51094480,4
51096091,6
50025868,3
50025868,3
50025868,3
50025868,3
51096097,2
51123195,2
51096097,2
51123195,2
50025868,3
50025870,3
50025872,3
50379348,3
50379349,3
51092872,4
51092872,4
49984979,3
51092594,2
51092872,4
51092600,4
49984979,3
50379352,3
51092880,6
49984979,3
51092880,6
51094312,2
51094312,2
51092880,6
49984979,3
51096017,6
51092880,6
49984979,3
49984981,3
49980705,3
51094443,2
51094443,2
1,1
1,1
1,1
1,1
1,1
51092831,4
1,1
1,1
1,1
1,1
51094484,2
50966759,5
51092579,6
1,1
1,1
1,1
50966765,5
1,1
51121616,2
1,1
51094488,2
1,1
1,1
1,1
1,1
51094490,4
50966766,5
50966769,5
50966769,5
51094496,4
51094496,4
1,1
1,1
1,1
1,1
51094443,2
51094443,2
1,1
1,1
51094484,2
50966759,5
51092579,6
1,1
1,1
1,1
50966765,5
1,1
51121616,2
1,1
51094488,2
1,1
1,1
1,1
1,1
51094490,4
50966766,5
50966769,5
50966769,5
51094496,4
51094496,4
1,1
1,1
1,1
1,1
50824701,0
50876593,0
50906111,5
50651185,0
49878584,3
50651185,0
50906111,5
50876593,0
50876593,0
50876594,0
51001403,6
1,1
1,1
51092564,4
51094304,2
51094304,2
51094305,4
51092573,6
51096089,2
51096089,2
50025860,3
51096089,2
51094480,4
51096089,2
51096089,2
1,1
51096089,2
51096091,6
51096091,6
51092579,6
51094311,4
49878618,3
51117626,6
50906119,5
50025878,3
50025878,3
51096017,6
51096105,2
51094312,2
50824727,5
50906120,5
50880094,0
50880095,5
50801215,0
50651200,0
50801215,0
1,1
50651200,0
51096017,6
50651200,0
50651201,0
50219648,3
51122143,2
1,1
1,1
50966770,5
49878630,3
1,1
50651201,0
50651202,0
50880095,5
50876609,0
50824732,0
1,1
1,1
1,1
1,1
51092744,4
51118384,4
1,1
50731730,0
50761773,5
50706399,5
50651179,0
50731730,0
51122445,4
50379326,3
49428540,3
50323296,3
51031192,6
1,1
51113233,4
51113233,4
51031192,6
50880964,0
51094312,2
51094498,6
51097438,4
51097438,4
51122445,4
50379326,3
49428540,3
50323296,3
51031192,6
1,1
51113233,4
51113233,4
51031192,6
50880964,0
51094312,2
51094498,6
51097438,4
51097438,4
51097402,4
51097405,4
51092579,6
51092585,2
51092585,2
51092590,4
51092594,2
1,1
1,1
1,1
1,1
1,1
51092606,4
50731725,0
50814288,0
50814291,5
51097393,4
51097396,6
51094462,6
51097402,4
51092564,4
51092569,4
51092573,6
51092579,6
51092579,6
51092579,6
51092579,6
51092579,6
51092579,6
51092585,2
51092585,2
51092590,4
51092594,2
1,1
1,1
1,1
1,1
1,1
51092606,4
51097447,2
51094502,2
51123714,4
51096111,4
50025888,3
51092889,4
1,1
1,1
1,1
1,1
1,1
50824735,5
1,1
50693315,0
50706398,5
50651177,0
50710033,5
51119206,4
1,1
1,1
1,1
1,1
1,1
1,1
50812728,0
50812686,0
50812728,0
50025834,3
1,1
1,1
51094472,6
51094472,6
51094476,4
51096089,2
51096089,2
51092579,6
51092579,6
51123195,2
50025868,3
51092579,6
1,1
51097426,2
50025868,3
50025870,3
50025872,3
50025872,3
51097432,4
50025872,3
50025874,3
50025876,3
50025878,3
50025878,3
51096017,6
51096017,6
51096017,6
51092880,6
51092880,6
51092889,4
51094313,6
51094313,6
51094314,2
51094315,4
51094316,4
50814288,0
1,1
49984955,3
49984955,3
49984957,3
49984967,3
49984969,3
49984969,3
51123195,2
51123195,2
50025878,3
50025878,3
51096017,6
50236810,3
50617404,5
50617404,5
50619414,0
50619414,0
50620678,0
50620682,0
50236814,3
50236815,3
50814288,0
1,1
49984955,3
49984955,3
49984957,3
51094488,2
51094490,4
51094490,4
1,1
51092872,4
50379348,3
1,1
51094490,4
1,1
50025878,3
50025878,3
50025878,3
51096017,6
50236810,3
50617404,5
50617404,5
50619414,0
50619414,0
50620678,0
50620682,0
50236814,3
50236815,3
51094304,2
51094304,2
51094305,4
51094305,4
51094306,2
51094306,2
51094306,2
51122117,6
51122117,6
51094311,4
51094311,4
51094312,2
51094312,2
51094312,2
51094498,6
51094498,6
51094500,2
50306897,3
50823903,0
50823905,5
50065642,3
1,1
49428634,3
51094313,6
51094304,2
51094304,2
51094305,4
51094305,4
51094306,2
51094306,2
51094311,4
51094312,2
51094312,2
51112904,2
49878620,3
51112904,2
51094496,4
51094498,6
51094498,6
51094498,6
51094498,6
51094500,2
50306897,3
50823903,0
50823905,5
50065642,3
1,1
49428634,3
51094313,6
51096089,2
1,1
1,1
51094496,4
51094498,6
1,1
1,1
1,1
51092537,4
51092543,4
50966746,5
50966746,5
51092543,4
1,1
1,1
50966753,2
50966755,5
50966755,5
51092590,4
50906119,5
50906119,5
51092594,2
51092600,4
51092527,4
51092531,2
51092537,4
51092537,4
51092543,4
51097387,6
51097387,6
51097390,4
51097393,4
51118390,4
51092558,2
51092579,6
51092579,6
51092585,2
51092585,2
51092590,4
51092594,2
51092594,2
51092600,4
51092600,4
51092600,4
51092600,4
51092527,4
51092531,2
51092537,4
51096007,4
51097387,6
51097387,6
51097390,4
51097393,4
51118390,4
51092558,2
51092558,2
51092814,4
51092558,2
51092564,4
51092564,4
51092569,4
51092573,6
51092579,6
51092579,6
51092579,6
51092585,2
51092585,2
51092590,4
51092594,2
51092594,2
51092600,4
51092600,4
51092600,4
51092600,4
50025850,3
51097405,4
51092564,4
1,1
51097405,4
51092564,4
51094488,2
51123195,2
51096097,2
51092585,2
51092872,4
51092585,2
51092590,4
50025878,3
50122847,3
50122847,3
50379353,0
51096017,6
51096017,6
50122847,3
51096017,6
50122847,3
50122847,3
51096017,6
50122847,3
49982917,3
49984981,3
49984981,3
49982919,3
49984981,3
51092872,4
51092585,2
51092590,4
50025878,3
50122847,3
50122847,3
50379353,0
51096017,6
51092537,4
51121592,2
51121593,2
50022208,3
50022208,3
50022209,3
50022210,3
51092569,4
51121604,2
51092839,6
51094476,4
1,1
51121605,2
51092579,6
51092579,6
51092579,6
51092579,6
51092579,6
1,1
51121432,6
51092585,2
51001407,4
51001407,4
51094492,4
51094494,4
51092590,4
51092594,2
51092594,2
51092600,4
51094498,6
51094498,6
51094498,6
50022212,3
50022213,3
50022214,3
50022214,3
51121599,2
51121600,6
50025848,3
50025850,3
50025868,3
51096091,6
50025868,3
51094484,2
51123195,2
51123195,2
51094488,2
51123195,2
50025868,3
50025870,3
50025872,3
50025874,3
50876605,0
50876605,0
51094312,2
51094312,2
50025878,3
51094312,2
50025878,3
51096017,6
51094312,2
51096017,6
51096017,6
51094312,2
51096017,6
51094312,2
51096017,6
51094312,2
51096017,6
51096017,6
51094312,2
50025848,3
50025850,3
50025868,3
51096091,6
50025868,3
51094484,2
51123195,2
51123195,2
51094488,2
51123195,2
50025868,3
50025870,3
50025872,3
50025874,3
50876605,0
50876605,0
51094312,2
51094312,2
50025878,3
51094312,2
50025878,3
51096017,6
51094312,2
51096017,6
51096017,6
51094312,2
51096017,6
51094312,2
51096017,6
51094312,2
51096017,6
51096017,6
51094312,2
50706398,5
50706399,5
50842500,5
50842500,5
1,1
50812728,0
1,1
50706399,5
1,1
1,1
1,1
51096097,2
51096099,2
51092579,6
51092579,6
50236804,3
50236804,3
50236805,3
50236805,3
50236806,3
50236806,3
50236807,3
50236810,3
50801215,0
50236811,3
50236812,3
50236813,3
50236814,3
51092823,2
51092831,4
51092839,6
51092839,6
1,1
1,1
51096091,6
1,1
51117624,6
51092848,6
51122117,6
51122117,6
51097420,4
1,1
1,1
51096091,6
51094484,2
51092857,4
1,1
1,1
51117624,6
50966759,5
51094484,2
51097420,4
51094484,2
51123195,2
51123195,2
1,1
51123195,2
51096095,2
51123195,2
51094488,2
51123195,2
51092585,2
51092585,2
51092590,4
51092594,2
51092594,2
51092600,4
1,1
51092600,4
1,1
51092600,4
51092600,4
1,1
51092600,4
1,1
51092600,4
51092600,4
51092606,4
51096109,2
51096109,2
51094443,2
51094443,2
51094448,6
51094453,2
51094458,4
51094462,6
51094462,6
51094472,6
51127949,6
51001403,6
51001403,6
51001404,4
51094476,4
51094480,4
51094490,4
51094492,4
1,1
51096101,6
51096103,4
50025878,3
51094496,4
51094496,4
51094498,6
51094498,6
51094498,6
51094500,2
51094500,2
51094443,2
51094443,2
51094448,6
51094453,2
51094458,4
51094462,6
51094462,6
51094472,6
51127949,6
51001403,6
51001403,6
51001404,4
51094476,4
51094480,4
51094490,4
51094492,4
1,1
51096101,6
51096103,4
50025878,3
51094496,4
51094496,4
51094498,6
51094498,6
51094498,6
51094500,2
51094500,2
50025848,3
50025850,3
50025852,3
51096013,4
51096081,4
51096083,4
51094476,4
51094488,2
50025870,3
51094488,2
50025870,3
50025872,3
50025874,3
50025876,3
50025878,3
51096105,2
51001408,4
51096105,2
51096107,2
51001408,4
51096107,2
51096107,2
51096017,6
51123710,2
51094443,2
50025848,3
50025850,3
50025852,3
51096013,4
51096081,4
51096083,4
51094476,4
51094488,2
50025870,3
51094488,2
50025870,3
50025872,3
50025874,3
50025876,3
50025878,3
50025878,3
50025878,3
51092594,2
51096105,2
50025878,3
51096017,6
51096105,2
51096107,2
51096017,6
51096017,6
51096107,2
51096017,6
51092537,4
51092537,4
51094443,2
51092537,4
1,1
1,1
1,1
50750118,0
50761016,0
51092537,4
51094301,2
51094302,2
1,1
50761018,0
1,1
50761018,0
50025844,3
50761018,0
50761018,0
50651188,0
50906113,5
50761018,0
50906113,5
50761018,0
50906113,5
50025846,3
51092564,4
51097402,4
51097405,4
51092564,4
51097405,4
1,1
50966755,5
50966755,5
1,1
51094472,6
50966755,5
1,1
50651193,0
50760945,0
50760945,0
50760945,0
1,1
50760945,0
1,1
50760945,0
50966558,6
50760945,0
51117624,6
1,1
51094484,2
51123195,2
51123195,2
51094488,2
51123195,2
51096097,2
51094488,2
51096097,2
51094488,2
51096097,2
51096099,2
51096101,6
50025874,3
51092872,4
50876605,0
1,1
50750131,0
50750131,0
51092590,4
51097435,2
50906119,5
1,1
51096103,4
51092594,2
1,1
51096103,4
50025878,3
50025878,3
51092594,2
50025878,3
51094312,2
50906120,5
50750135,0
50025878,3
50750135,0
50025878,3
51096017,6
50750135,0
1,1
51094312,2
1,1
50750135,0
1,1
1,1
51094312,2
51092600,4
51094312,2
51094312,2
51092600,4
51094312,2
51096109,2
51094312,2
51096109,2
51094302,2
1,1
50761018,0
1,1
50761018,0
50025844,3
50761018,0
50761018,0
50651188,0
50906113,5
50761018,0
50906113,5
50761018,0
50906113,5
50025846,3
51092564,4
51097402,4
51097405,4
51092564,4
51097405,4
1,1
50966755,5
50966755,5
1,1
51094472,6
50966755,5
1,1
50651193,0
50760945,0
50760945,0
50760945,0
1,1
50760945,0
1,1
50760945,0
50966558,6
50760945,0
51117624,6
1,1
51094484,2
51123195,2
51123195,2
51094488,2
51123195,2
51096097,2
51094488,2
51096097,2
51094488,2
51096097,2
51096099,2
51096101,6
50025874,3
51092872,4
50876605,0
1,1
50750131,0
50750131,0
51092590,4
51097435,2
50906119,5
1,1
51096103,4
51092594,2
1,1
51096103,4
50025878,3
50025878,3
51092594,2
50025878,3
51094312,2
50906120,5
50750135,0
50025878,3
50750135,0
50025878,3
51096017,6
50750135,0
1,1
51094312,2
1,1
50750135,0
1,1
1,1
51094312,2
51092600,4
51094312,2
51094312,2
51092600,4
51094312,2
51096109,2
51094312,2
51096109,2
51094443,2
51094443,2
50025860,3
51094480,4
51094480,4
50025868,3
51092579,6
51096091,6
51096091,6
1,1
50906116,5
50880087,5
1,1
50025868,3
50025868,3
1,1
50906118,5
50906118,5
50880089,0
51092872,4
51094311,4
51094312,2
50025878,3
50025878,3
51096017,6
51096017,6
51094498,6
51094443,2
50025836,3
50880077,5
51094443,2
51094443,2
51094458,4
50880081,5
50906113,5
50906113,5
